METHOD,K,RUN_TIME,UT_NCP,UT_CAVG,UT_DM,UT_RM,UT_CM_BIN,UT_CM_MUL,ML_REG_RMSE,ML_REG_R2,ML_CLS_BIN_F1,ML_CLS_MUL_F1,VUL_DBRL
kmember,2,2.673763766605407,0.0083564111644758,1.0,2.0,0.0605681047436384,0.1445919491006973,0.2189342958521962,0.0664307551556231,0.743940759108263,0.8548495346978504,0.716031285589797,0.714676373424691
kmember,5,3.392664691619575,0.0234730540698549,1.000061180789232,5.000367062278233,0.0820225900564057,0.1976997430564052,0.3067111219870304,0.0765352958937956,0.6601291044452287,0.8362482005129566,0.6726919331965138,0.391716627921204
kmember,10,3.8518945622257887,0.0387994215076902,1.0003671970624235,10.004098862106938,0.0938314176034576,0.2471613850483298,0.3655144989599902,0.0882871180009646,0.5478863545071482,0.8070141953413978,0.6287643486651489,0.1959929034626207
kmember,20,4.332909279176965,0.0589811524104582,1.0003671970624235,20.007818426526367,0.1027876569538761,0.2822708919613361,0.4107977486846934,0.1007001309873413,0.4118063074880272,0.7737601321582843,0.5809454388118774,0.093166523920225
kmember,30,4.941895308345556,0.0734825573449162,1.001593137254902,30.05233084546678,0.1069235534265172,0.2988743423467515,0.4295852196255964,0.1072850899325829,0.3321621611453261,0.7485398808501252,0.5542422113424604,0.0595558546433377
kmember,40,5.477449420560151,0.0856777321139706,1.001593137254902,40.06828581916065,0.109601862800496,0.3118622292915697,0.4444390064847668,0.1114299927390368,0.2795744081847887,0.7265830374640208,0.531164309266466,0.0447204208980789
kmember,50,5.976374824903905,0.0960586908837999,1.0028220858895704,50.15623394102533,0.111068400870213,0.3192707696072433,0.4513030710877278,0.1135073000307062,0.2524693053568466,0.7133544384339386,0.5168006443389388,0.034522207267833
kmember,60,6.464699970884249,0.1051130161034833,1.001593137254902,60.10244708185488,0.1124538165090813,0.3245687018230759,0.4570414780374403,0.11542697581542,0.2268967675242317,0.7048544975425858,0.5082996307682082,0.0291936865288143
kmember,70,7.128386729257182,0.1136549716672485,1.0022072348252606,70.1673069864187,0.1133681756089078,0.3297259268322525,0.4621619968187936,0.1163368932546136,0.2148158702696685,0.6958240215838516,0.4986785233031136,0.0255230637464822
kmember,80,7.657414008351043,0.1212844909041912,1.001593137254902,80.1329866634039,0.1140062248220934,0.3326073657163831,0.4649883763611893,0.1175002363258886,0.198963441938722,0.6861928685810025,0.4899505741483566,0.0221032668542762
kmember,90,8.308939508581535,0.1289469050837841,1.003437691835482,90.33947143031935,0.1143238393016806,0.3344059708797259,0.4662241526979077,0.1183058554399169,0.1879233210906204,0.6844159932382794,0.4895533708964193,0.0200477180961702
kmember,100,8.72675887919031,0.1353541804048641,1.0028220858895704,100.3043068640646,0.1145506504752664,0.3365043435702924,0.4682919368652881,0.1190783085668947,0.1773311994454092,0.6762975409244543,0.4821081421426106,0.0175578123088217
mondrian,2,0.7424976378213615,0.0168066263862463,1.1957467877086,2.4910926220482077,0.069250784291226,0.1592499694114767,0.2440046494555242,0.0696788332846038,0.7183145201351906,0.8498568479417117,0.6985374582195154,0.5782882662425057
mondrian,5,0.3878868873696774,0.0396915515802366,1.3067892491028603,6.81267588400832,0.0878816587204092,0.2236388107182184,0.3344671479260981,0.0810124302679701,0.6191192918919165,0.8285797261391605,0.6569177384743005,0.2318548880460051
mondrian,10,0.267590695945546,0.0596213781857185,1.3469564634479538,14.03538480362168,0.0961061346028543,0.2571883029487336,0.3792181573473632,0.0913606393467696,0.5157009119660506,0.8057069509527391,0.6176823428135851,0.1183837024348463
mondrian,20,0.2182950998656451,0.0841495385285432,1.37260716459272,28.571075492475224,0.1023660465971811,0.2824544231004527,0.410228802153432,0.0994713714197379,0.4258518666469636,0.7766333319974522,0.5860783487614848,0.0592683225253884
mondrian,30,0.2737981959246098,0.0997918536354396,1.3488028888946482,42.21151352012725,0.1055527735051958,0.2948488926954606,0.4246727028019087,0.1049848320388376,0.3602668561793661,0.7500331083013376,0.5639042874380358,0.0402239079897222
mondrian,40,0.1888425335288047,0.1156331919030787,1.390632498791034,57.83867612871651,0.1079077960533468,0.3046555732289245,0.4350116236388107,0.1081616756105832,0.3211284792404585,0.7345022498977498,0.5432660441868866,0.0289979199804233
mondrian,50,0.2002042956184595,0.1253569422119806,1.365418238592517,70.87864921081609,0.1087247315269648,0.3102716260858925,0.4408723846812675,0.1098463606540553,0.2999928566526361,0.7310897644882048,0.5382595149372661,0.0235042212161996
mondrian,60,0.1775616875849664,0.1328274471423907,1.32392367350065,82.84232228068029,0.1099660816436098,0.3147926098127982,0.4454117215220848,0.1109833917998072,0.285279111523196,0.720052510578123,0.5293385777026968,0.0198091276153186
mondrian,70,0.1745533461216836,0.1471422638292155,1.4162630872531097,103.66511684815858,0.112519381419487,0.3209347852685672,0.4524715526734368,0.1133497693705466,0.2545306147763608,0.7090980262819973,0.5227510576688842,0.0156429707573717
mondrian,80,0.1694646666757762,0.1542579331562441,1.4059826713845458,116.85520616664627,0.1128249764111498,0.3241159916799216,0.4560565275908478,0.1156670279850124,0.2238031299320211,0.6975441671703642,0.510276756508133,0.0140340144377828
mondrian,90,0.1740202083252369,0.1597875549905511,1.3827560644085726,129.14671479260983,0.1130537949045579,0.3291814511195399,0.4608956319588889,0.1170203304315339,0.2051283364745857,0.6911746951201974,0.5065867663149839,0.0123883518903707
mondrian,100,0.1774597959127277,0.1654929856198032,1.3790509180613466,142.89557078184265,0.1136473170738216,0.3320567722990334,0.4640951914841551,0.1174403294553101,0.1996623027593978,0.6850640302306598,0.4985439895279244,0.0112994004649455
original,1,,,,,,,,0.0615784532845973,0.7799878741877555,0.8628683099647318,0.7437361295547344,
